[
    {
        "id": 1,
        "titulo": "Sistema de gestion de tareas",
        "des": "Sigesta es una plataforma integral diseñada para optimizar el flujo de trabajo y la organización personal. Permite crear, asignar y monitorear tareas en tiempo real, garantizando que nunca pierdas de vista tus objetivos prioritarios mediante una interfaz intuitiva y eficiente",
        "img": "assets/img/Img1.png",
        "categoria": "Imágenes Random",
        "subcategoria": "Fotos Graciosas"
    },
    {
        "id": 2,
        "titulo": "a",
        "des": "Lorem ipsum dolor sit amet consectetur adipisicing elit. Odio minus quasi unde illum repudiandae velit nostrum molestiae tempore nobis modi quam ipsam mollitia ut, voluptates, maiores officia eius, expedita ipsa?",
        "img": "assets/img/img1.jpg",
        "categoria": "Humor Absurdo",
        "subcategoria": "Shitposting"
    },
    {
        "id": 3,
        "titulo": "Gatito panzon",
        "des": "Un gatito panzon a tan solo: $100",
        "img": "assets/img/img2.jpg",
        "categoria": "Memes de Animales",
        "subcategoria": "Gatos"
    },
    {
        "id": 4,
        "titulo": "b",
        "des": "Lorem ipsum dolor sit amet consectetur adipisicing elit. Odio minus quasi unde illum repudiandae velit nostrum molestiae tempore nobis modi quam ipsam mollitia ut, voluptates, mayores officia eius, expedita ipsa?",
        "img": "assets/img/img3.jpg",
        "categoria": "Memes de Animales",
        "subcategoria": "Perros"
    },
    {
        "id": 5,
        "titulo": "c",
        "des": "Lorem ipsum dolor sit amet consectetur adipisicing elit. Odio minus quasi unde illum repudiandae velit nostrum molestiae tempore nobis modi quam ipsam mollitia ut, voluptates, mayores officia eius, expedita ipsa?",
        "img": "assets/img/img3.jpg",
        "categoria": "Memes de Videojuegos",
        "subcategoria": "Guerra de Consolas"
    },
    {
        "id": 6,
        "titulo": "d",
        "des": "Lorem ipsum dolor sit amet consectetur adipisicing elit. Odio minus quasi unde illum repudiandae velit nostrum molestiae tempore nobis modi quam ipsam mollitia ut, voluptates, mayores officia eius, expedita ipsa?",
        "img": "assets/img/img3.jpg",
        "categoria": "Clásicos de Internet",
        "subcategoria": "Rage Comics"
    },
    {
        "id": 7,
        "titulo": "e",
        "des": "Lorem ipsum dolor sit amet consectetur adipisicing elit. Odio minus quasi unde illum repudiandae velit nostrum molestiae tempore nobis modi quam ipsam mollitia ut, voluptates, mayores officia eius, expedita ipsa?",
        "img": "assets/img/img3.jpg",
        "categoria": "Humor Negro",
        "subcategoria": "Cotidiano"
    },
    {
        "id": 8,
        "titulo": "aa",
        "des": "Un gatito panzon a tan solo: $100",
        "img": "assets/img/img2.jpg",
        "categoria": "Memes de Animales",
        "subcategoria": "Gatos"
    },
    {
        "id": 9,
        "titulo": "bb",
        "des": "Un gatito panzon a tan solo: $100",
        "img": "assets/img/img2.jpg",
        "categoria": "Memes de Animales",
        "subcategoria": "Gatos"
    },
    {
        "id": 10,
        "titulo": "cc",
        "des": "Un gatito panzon a tan solo: $100",
        "img": "assets/img/img2.jpg",
        "categoria": "Memes de Animales",
        "subcategoria": "Gatos"
    },
    {
        "id": 11,
        "titulo": "Sistema de gestion de tareas",
        "des": "Sigesta es una plataforma integral diseñada para optimizar el flujo de trabajo y la organización personal. Permite crear, asignar y monitorear tareas en tiempo real, garantizando que nunca pierdas de vista tus objetivos prioritarios mediante una interfaz intuitiva y eficiente",
        "img": "assets/img/Img1.png",
        "categoria": "Imágenes Random",
        "subcategoria": "WTF"
    },
    {
        "id": 12,
        "titulo": "a",
        "des": "Lorem ipsum dolor sit amet consectetur adipisicing elit. Odio minus quasi unde illum repudiandae velit nostrum molestiae tempore nobis modi quam ipsam mollitia ut, voluptates, mayores officia eius, expedita ipsa?",
        "img": "assets/img/img1.jpg",
        "categoria": "Humor Absurdo",
        "subcategoria": "Surrealistas"
    },
    {
        "id": 13,
        "titulo": "Gatito panzon",
        "des": "Un gatito panzon a tan solo: $100",
        "img": "assets/img/img2.jpg",
        "categoria": "Memes de Animales",
        "subcategoria": "Gatos"
    },
    {
        "id": 14,
        "titulo": "b",
        "des": "Lorem ipsum dolor sit amet consectetur adipisicing elit. Odio minus quasi unde illum repudiandae velit nostrum molestiae tempore nobis modi quam ipsam mollitia ut, voluptates, mayores officia eius, expedita ipsa?",
        "img": "assets/img/img3.jpg",
        "categoria": "Memes de Animales",
        "subcategoria": "Pájaros"
    },
    {
        "id": 15,
        "titulo": "c",
        "des": "Lorem ipsum dolor sit amet consectetur adipisicing elit. Odio minus quasi unde illum repudiandae velit nostrum molestiae tempore nobis modi quam ipsam mollitia ut, voluptates, mayores officia eius, expedita ipsa?",
        "img": "assets/img/img3.jpg",
        "categoria": "Memes de Videojuegos",
        "subcategoria": "PC Master Race"
    },
    {
        "id": 16,
        "titulo": "d",
        "des": "Lorem ipsum dolor sit amet consectetur adipisicing elit. Odio minus quasi unde illum repudiandae velit nostrum molestiae tempore nobis modi quam ipsam mollitia ut, voluptates, mayores officia eius, expedita ipsa?",
        "img": "assets/img/img3.jpg",
        "categoria": "Clásicos de Internet",
        "subcategoria": "Advice Animals"
    },
    {
        "id": 17,
        "titulo": "e",
        "des": "Lorem ipsum dolor sit amet consectetur adipisicing elit. Odio minus quasi unde illum repudiandae velit nostrum molestiae tempore nobis modi quam ipsam mollitia ut, voluptates, mayores officia eius, expedita ipsa?",
        "img": "assets/img/img3.jpg",
        "categoria": "Humor Negro",
        "subcategoria": "Históricos"
    },
    {
        "id": 18,
        "titulo": "aa",
        "des": "Un gatito panzon a tan solo: $100",
        "img": "assets/img/img2.jpg",
        "categoria": "Memes de Animales",
        "subcategoria": "Gatos"
    },
    {
        "id": 19,
        "titulo": "bb",
        "des": "Un gatito panzon a tan solo: $100",
        "img": "assets/img/img2.jpg",
        "categoria": "Memes de Animales",
        "subcategoria": "Gatos"
    },
    {
        "id": 20,
        "titulo": "cc",
        "des": "Un gatito panzon a tan solo: $100",
        "img": "assets/img/img2.jpg",
        "categoria": "Memes de Animales",
        "subcategoria": "Gatos"
    }
]